F list,Variance
0.02,1.1102230246251565e-16
0.025,-2.220446049250313e-16
0.030000000000000002,0.04087371277537172
0.035,0.03413954314049972
0.04000000000000001,0.02641422806432453
0.045000000000000005,0.014567919222441494
0.05,0.01453906501598251
0.05500000000000001,0.0006047269406145306
