F list,Variance
0.02,0.0019359692462211158
0.025,0.0020091434528493723
0.030000000000000002,0.03342044297446659
0.035,0.03397834204910156
0.04000000000000001,0.031348490265181134
0.045000000000000005,0.02532373029224482
0.05,0.0074717866264380935
0.05500000000000001,0.007081950521909985
